resident_id,case_control_no,internal_code,assigned_social_worker,assigned_social_worker,safehouse_id,safehouse_id,pred_transfer_prob,risk_tier,actual_transferred
15,C0855,LS-0015,SW-16,SW-16,8,8,0.4546572119565949,Medium,1
20,C2853,LS-0020,SW-08,SW-08,1,1,0.3894377732615956,Medium,0
27,C6505,LS-0027,SW-16,SW-16,2,2,0.44239620713032046,Medium,1
33,C9903,LS-0033,SW-16,SW-16,7,7,0.4468849005788641,Medium,1
35,C7521,LS-0035,SW-19,SW-19,3,3,0.5239120073397211,Medium,1
39,C2281,LS-0039,SW-17,SW-17,8,8,0.414250526798048,Medium,0
56,C3620,LS-0056,SW-19,SW-19,1,1,0.3797825631265862,Monitor,0
58,C5053,LS-0058,SW-17,SW-17,8,8,0.4236434837205419,Medium,0
